dataset,method,passrate_mean,passrate_std,passrate_present_mean,cost_mean,latency_mean,coverage_mean,seeds
ARC-Challenge,Cascade,0.9712741751990898,0.0021472794184501554,0.9712741751990898,0.0038759830489192124,81.74158207799252,1.0,3
ARC-Challenge,FrugalGPT,0.9707053469852105,0.002463098418044483,0.9707053469852105,0.0002647376564277461,4.5843725401793725,1.0,3
ARC-Challenge,MV-3,0.9721274175199089,0.0004926196836089512,0.9721274175199089,0.001963998634812271,35.914517977267536,1.0,3
ARC-Challenge,Oracle,0.9758248009101251,0.0013033491737645094,0.9758248009101251,0.0007362269624573333,3.842978641780706,1.0,3
ARC-Challenge,Random,0.9667235494880546,0.001477859050826669,0.9667235494880546,0.0006309482565415144,11.114802517649528,1.0,3
ARC-Challenge,SA,0.9189419795221844,0.0017064846416381674,0.9189419795221844,2.13266638225256e-05,1.0547556384838481,1.0,3
ARC-Challenge,SC-10,0.9209328782707621,0.0021472794184501333,0.9209328782707621,0.00021328626279856926,10.882988360080025,1.0,3
ARC-Challenge,SC-3,0.9223549488054608,0.001477859050826669,0.9223549488054608,6.401053754266196e-05,3.1930514940222783,1.0,3
ARC-Challenge,SC-5,0.9197952218430036,0.0017064846416382506,0.9197952218430036,0.00010667666382248456,5.393586556252359,1.0,3
ARC-Challenge,TrustRoute,0.9698521046643913,0.0017761655285547337,0.9698521046643913,0.00023946149032990572,2.1362305601573506,1.0,3
ARC-Challenge,TrustRoute-NoCost,0.9215017064846416,0.0008532423208191531,0.9215017064846416,3.273727246871436e-05,1.1233979987067437,1.0,3
ARC-Challenge,TrustRoute-NoCostAware,0.9220705346985211,0.0021472794184501623,0.9220705346985211,3.197962172923757e-05,1.1432623648941855,1.0,3
ARC-Challenge,TrustRoute-NoParallel,0.9206484641638225,0.0008532423208190976,0.9206484641638225,2.1330588737201366e-05,1.0655077102512494,1.0,3
ARC-Challenge,TrustRoute-NoRep,0.9192263936291241,0.0004926196836089512,0.9192263936291241,0.0013432343572241038,4.224880804041818,1.0,3
GSM8K,Cascade,0.8385140257771039,0.004548900682335044,0.8385140257771039,0.00045636272681316665,9.849460037362556,1.0,3
GSM8K,FrugalGPT,0.8112206216830932,0.0013131545167315531,0.8112206216830932,0.00038649677786193335,11.250607366479947,1.0,3
GSM8K,MV-3,0.8544351781652768,0.004734645942682677,0.8548664072006238,0.0041990589833789,27.316794822053037,0.9994945665908518,3
GSM8K,Oracle,0.8445792266868839,0.0020058766573651013,0.8445792266868839,0.0038107460197118665,5.412718324550391,1.0,3
GSM8K,Random,0.8491281273692192,0.007915319567028503,0.8497693287951865,0.0013560156786153333,7.595901847585542,0.9992418498862774,3
GSM8K,SA,0.9123073035127622,0.04158322636316488,0.9123073035127622,0.00020338237300976665,5.274138406035814,1.0,3
GSM8K,SC-10,0.8936062673742734,0.04887765814519367,0.8936062673742734,0.0018925009476875334,43.31713478427238,1.0,3
GSM8K,SC-3,0.8905736669193834,0.04554793588438034,0.8905736669193834,0.0005674793404093,14.530442797598406,1.0,3
GSM8K,SC-5,0.8880464998736417,0.044507566023686676,0.8880464998736417,0.0009455131918118667,23.210356501156795,1.0,3
GSM8K,TrustRoute,0.8605003790750568,0.037656485028620595,0.8605003790750568,0.0018532582562546668,13.226922159397395,1.0,3
GSM8K,TrustRoute-NoCost,0.8817285822592873,0.001516300227445061,0.8817285822592873,0.0022966494692948335,11.873843119365567,1.0,3
GSM8K,TrustRoute-NoCostAware,0.8847611827141774,0.003474280284272823,0.8847611827141774,0.0023055311978771,12.045028701104508,1.0,3
GSM8K,TrustRoute-NoParallel,0.854940611574425,0.006879281065866171,0.854940611574425,0.0025957515921151333,5.805366551541668,1.0,3
GSM8K,TrustRoute-NoRep,0.8541824614607026,0.03688019130672125,0.8541824614607026,0.0019928086504927664,12.897491863348101,1.0,3
HellaSwag,Cascade,0.949,0.006557438524302036,0.949,20.685993919262682,138.04730057621,1.0,3
HellaSwag,FrugalGPT,0.7656666666666667,0.005686240703077386,0.7656666666666667,0.0005392932999999863,9.083962442874908,1.0,3
HellaSwag,MV-3,0.8576666666666667,0.008962886439832517,0.8576666666666667,0.2081897738760199,41.23941172965368,1.0,3
HellaSwag,Oracle,0.963,0.0010000000000000009,0.963,0.0009298259999999895,3.500582901159922,1.0,3
HellaSwag,Random,0.8073333333333333,0.009237604307033988,0.8073333333333333,0.0741815501542936,9.129266440391541,1.0,3
HellaSwag,SA,0.709,0.007000000000000006,0.709,3.9517e-05,1.1055936737060545,1.0,3
HellaSwag,SC-10,0.7116666666666666,0.012055427546683414,0.7116666666666666,0.0003951373999999525,11.095979657570519,1.0,3
HellaSwag,SC-3,0.7053333333333333,0.003055050463303899,0.7053333333333333,0.0001185531999999802,3.307682325919469,1.0,3
HellaSwag,SC-5,0.7013333333333334,0.008082903768654755,0.7013333333333334,0.00019757539999995424,5.493834940195083,1.0,3
HellaSwag,TrustRoute,0.7166666666666667,0.0037859388972002373,0.7166666666666667,6.372261666666668e-05,1.1893991837501525,1.0,3
HellaSwag,TrustRoute-NoCost,0.7133333333333333,0.0025166114784236004,0.7133333333333333,6.905101666666661e-05,1.1942930459976198,1.0,3
HellaSwag,TrustRoute-NoCostAware,0.7116666666666666,0.005859465277082321,0.7116666666666666,6.512024999999991e-05,1.1835875123341877,1.0,3
HellaSwag,TrustRoute-NoParallel,0.7200000000000001,0.002645751311064593,0.7200000000000001,3.9689383333333337e-05,1.1177225680351257,1.0,3
HellaSwag,TrustRoute-NoRep,0.7183333333333333,0.0032145502536643153,0.7183333333333333,4.17654e-05,1.1093755757013957,1.0,3
HumanEval,Cascade,0.9613823333333333,0.0035206819415183658,0.9613823333333333,0.0009373333333333334,19.569558666666666,1.0,3
HumanEval,FrugalGPT,0.9308943333333333,0.015345303396587974,0.9308943333333333,0.0020503333333333333,24.276190666666665,1.0,3
HumanEval,MV-3,0.9593496666666667,0.01269303849885177,0.9593496666666667,0.011033333333333334,30.210770333333333,1.0,3
HumanEval,Oracle,0.9776423333333334,0.009314303319805109,0.9776423333333334,0.009129666666666666,8.800669999999998,1.0,3
HumanEval,Random,0.9512196666666667,0.006097500006833379,0.9512196666666667,0.003994666666666666,11.500731333333334,1.0,3
HumanEval,RouteLLM,0.8882113333333334,0.012693038498851821,0.8882113333333334,0.00046866666666666666,9.976816333333334,1.0,3
HumanEval,SA,0.8597563333333333,0.010561468474285858,0.8597563333333333,0.000266,6.355146666666666,1.0,3
HumanEval,SC-10,0.8638210000000001,0.007040786532767525,0.8638210000000001,0.0026686666666666664,46.57122366666667,1.0,3
HumanEval,SC-3,0.8638210000000001,0.021414001004016067,0.8638210000000001,0.0007993333333333333,20.183407,1.0,3
HumanEval,SC-5,0.8699186666666666,0.012692878370698003,0.8699186666666666,0.0013326666666666667,40.81445433333334,1.0,3
HumanEval,TrustRoute,0.9796746666666666,0.0035201045912491512,0.9796746666666666,0.002152666666666667,8.009658666666667,1.0,3
HumanEval,TrustRoute-NoCost,0.8638210000000001,0.01862817019999544,0.8638210000000001,0.00026733333333333334,5.47813,1.0,3
HumanEval,TrustRoute-NoCostAware,0.859756,0.012194999999999984,0.859756,0.0005826666666666667,2.3251063333333333,1.0,3
HumanEval,TrustRoute-NoParallel,0.851626,0.009314412434501722,0.851626,8.233333333333333e-05,1.380383,1.0,3
HumanEval,TrustRoute-NoRep,0.8821136666666667,0.02881594291938632,0.8821136666666667,0.0007926666666666667,3.222497666666667,1.0,3
MBPP,Cascade,0.768783,0.2204324527480017,0.9319212,0.0007518000000000001,22.348335600000002,0.825925925925926,5
MBPP,FrugalGPT,0.9312166666666667,0.012122985784588456,0.9312166666666667,0.0007576666666666666,13.913631,1.0,3
MBPP,MV-3,0.908289,0.019855697519855577,0.908289,0.008728,28.512465333333335,1.0,3
MBPP,Oracle,0.7055931428571428,0.248736751053819,0.931839,0.007542857142857143,7.583668428571428,0.7558578987150416,7
MBPP,Random,0.6338624,0.36936532842742564,0.9005568,0.0025848,13.4927344,0.7063492063492063,5
MBPP,RouteLLM,0.84325375,0.09704289445867044,0.922703,0.00036975,21.41872425,0.9133597883597884,4
MBPP,SA,0.8668426666666665,0.013315391332339176,0.8668426666666665,0.000152,4.0114426666666665,1.0,3
MBPP,SC-10,0.871252,0.005507127472648523,0.871252,0.0014863333333333334,33.932042,1.0,3
MBPP,SC-3,0.8730156666666667,0.007936500005249935,0.8730156666666667,0.00044666666666666666,12.737609333333333,1.0,3
MBPP,SC-5,0.8703703333333334,0.011531352450312737,0.8703703333333334,0.0007433333333333334,20.630871666666668,1.0,3
MBPP,TrustRoute,0.908289,0.005507127472648501,0.908289,0.001744,3.912862333333333,1.0,3
MBPP,TrustRoute-NoCost,0.8703703333333334,0.007936500005249949,0.8703703333333334,0.000149,3.034905333333333,1.0,3
MBPP,TrustRoute-NoCostAware,0.9320986666666666,0.0040412862226441686,0.9320986666666666,0.001357,3.7229343333333333,1.0,3
MBPP,TrustRoute-NoParallel,0.9065253333333333,0.015500930950537525,0.9065253333333333,0.002629333333333333,5.012671999999999,1.0,3
MBPP,TrustRoute-NoRep,0.9347439999999999,0.0015276688122757712,0.9347439999999999,0.001497,3.8242549999999995,1.0,3
MMLU,Cascade,0.717,0.03893584466786354,0.717,0.005564030499999984,95.7637883948485,1.0,3
MMLU,FrugalGPT,0.8450000000000001,0.006244997998398403,0.8450000000000001,0.000275619283333322,9.03619357252121,1.0,3
MMLU,MV-3,0.8513333333333333,0.018009256878986815,0.8513333333333333,0.0029493396399999858,47.87343437083562,1.0,3
MMLU,Oracle,0.9373333333333335,0.0005773502691895622,0.9373333333333335,0.001416927999999991,2.824054353793462,1.0,3
MMLU,Random,0.8306666666666667,0.01619670748434174,0.8306666666666667,0.0008146813133333236,9.619956112384797,1.0,3
MMLU,SA,0.7319999999999999,0.0036055512754639848,0.7319999999999999,3.037309999999966e-05,1.1408890219529468,1.0,3
MMLU,SC-10,0.7296666666666667,0.0050332229568471835,0.7296666666666667,0.00030497759999994085,11.555713630040486,1.0,3
MMLU,SC-3,0.7356666666666666,0.005033222956847156,0.7356666666666666,9.141819999999363e-05,3.481943363348643,1.0,3
MMLU,SC-5,0.7303333333333333,0.002309401076758497,0.7303333333333333,0.0001523549999999622,5.770633045593897,1.0,3
MMLU,TrustRoute,0.7896666666666666,0.07852600418545015,0.7896666666666666,0.0017551502033333218,4.48590930167834,1.0,3
MMLU,TrustRoute-NoCost,0.7343333333333333,0.002081665999466139,0.7343333333333333,0.0016493755999999905,4.759029577732086,1.0,3
MMLU,TrustRoute-NoCostAware,0.7319999999999999,0.0026457513110646137,0.7319999999999999,0.0016461279499999908,4.886356440226237,1.0,3
MMLU,TrustRoute-NoParallel,0.7933333333333333,0.0601775151807827,0.7933333333333333,0.0008999964166666593,2.9981967186927796,1.0,3
MMLU,TrustRoute-NoRep,0.7576666666666666,0.06633500835406093,0.7576666666666666,0.002460476719999987,31.508567471822104,1.0,3
Winogrande,Cascade,0.9097605893186004,0.0032859763211777935,0.9097605893186004,0.003908543120231502,91.2652064473715,1.0,3
Winogrande,FrugalGPT,0.8734543541173375,0.0018227317101487995,0.8734543541173375,0.0002872755590633904,5.769176706644273,1.0,3
Winogrande,MV-3,0.8921336490397264,0.0035589974371135922,0.8921336490397264,0.0018828141646934872,54.84031611183887,1.0,3
Winogrande,Oracle,0.9118652986056301,0.0009113658550744399,0.9118652986056301,0.0004809116022099392,2.5917319015150664,1.0,3
Winogrande,Random,0.865561694290976,0.011554954620361895,0.865561694290976,0.0005637168403051727,11.45950685360343,1.0,3
Winogrande,SA,0.7129702709813207,0.005135285792145026,0.7129702709813207,1.580836621941594e-05,1.0608202739315138,1.0,3
Winogrande,SC-10,0.7056037884767167,0.0031570639305445736,0.7056037884767167,0.0001580582478294651,10.82027139064043,1.0,3
Winogrande,SC-3,0.7069192317811103,0.0035589974371135922,0.7069192317811103,4.742273086029992e-05,3.2265349880891923,1.0,3
Winogrande,SC-5,0.7045514338332017,0.0025371351646916703,0.7045514338332017,7.901531176006313e-05,5.409509161339719,1.0,3
Winogrande,TrustRoute,0.8260983951591686,0.0982194926769833,0.8260983951591686,0.0007212949644830212,3.1008211891452313,1.0,3
Winogrande,TrustRoute-NoCost,0.7134964483030782,0.002088201508338293,0.7134964483030782,0.001027575651144427,4.007877808563084,1.0,3
Winogrande,TrustRoute-NoCostAware,0.7121810049986846,0.0032859763211777935,0.7121810049986846,0.0008411381741646861,3.375150342390306,1.0,3
Winogrande,TrustRoute-NoParallel,0.8358326756116812,0.10663272604810212,0.8358326756116812,0.0006765001315443222,2.308296476530734,1.0,3
Winogrande,TrustRoute-NoRep,0.7753222836095764,0.10439913664552326,0.7753222836095764,0.001431572467771626,4.740473176328423,1.0,3
