dataset,method,passrate_mean,passrate_std,passrate_present_mean,cost_mean,cost_std,latency_mean,latency_std,coverage_mean,seeds
ARC-Challenge,Cascade,0.97127417519909,0.0021472794184501515,0.97127417519909,0.003875983048919167,2.4131130939448103e-05,81.74158207799252,1.8921529220678746,1.0,3
ARC-Challenge,FrugalGPT,0.9707053469852106,0.002463098418044475,0.9707053469852106,0.00026473765642770003,6.233126901671971e-07,4.5843725401793725,0.019484394802976802,1.0,3
ARC-Challenge,MV-3,0.9721274175199089,0.0004926196836089512,0.9721274175199089,0.0019639986348122,1.2420259026595215e-05,35.914517977267536,1.072728972808144,1.0,3
ARC-Challenge,Oracle,0.9758248009101251,0.0013033491737645094,0.9758248009101251,0.0007362269624573,3.1740184269748e-06,3.842978641780706,0.12303020813031564,1.0,3
ARC-Challenge,Random,0.9667235494880545,0.001477859050826581,0.9667235494880545,0.0006309482565414667,2.2243913541556574e-05,11.114802517649528,1.0368723896303516,1.0,3
ARC-Challenge,SA,0.9189419795221841,0.0017064846416382229,0.9189419795221841,2.13266638225256e-05,1.520687520731188e-08,1.0547556384838481,0.005058894910080468,1.0,3
ARC-Challenge,SC-10,0.9209328782707621,0.002147279418450089,0.9209328782707621,0.00021328626279853332,1.82896626309743e-08,10.882988360080025,0.019272819309998367,1.0,3
ARC-Challenge,SC-3,0.9223549488054607,0.001477859050826741,0.9223549488054607,6.401053754266196e-05,3.701026471602624e-08,3.1930514940222783,0.02163399114043474,1.0,3
ARC-Challenge,SC-5,0.9197952218430033,0.001706484641638209,0.9197952218430033,0.0001066766638224,1.0445860712271044e-08,5.393586556252359,0.02347425920844577,1.0,3
ARC-Challenge,TrustRoute,0.9698521046643913,0.0017761655285547162,0.9698521046643913,0.0002394614903298667,1.5078852551564222e-05,2.1362305601573506,0.016814382502417582,1.0,3
ARC-Challenge,TrustRoute-NoCost,0.9215017064846416,0.0008532423208191808,0.9215017064846416,3.273727246871436e-05,1.384533978007488e-07,1.1233979987067437,0.028946473439172057,1.0,3
ARC-Challenge,TrustRoute-NoCostAware,0.9220705346985211,0.0021472794184501623,0.9220705346985211,3.197962172923757e-05,1.0152121540319978e-06,1.1432623648941855,0.02702073446933373,1.0,3
ARC-Challenge,TrustRoute-NoParallel,0.9206484641638225,0.0008532423208190559,0.9206484641638225,2.1330588737201362e-05,4.063440580132827e-09,1.0655077102512494,0.008053557633700368,1.0,3
ARC-Challenge,TrustRoute-NoRep,0.9192263936291241,0.000492619683608871,0.9192263936291241,0.0013432343572240331,2.4020257069516828e-05,4.224880804041818,0.042461034562872806,1.0,3
GSM8K,Cascade,0.0,0.0,0.0,0.0004563627268132281,5.903057670896396e-06,9.849460037362554,0.19230234623679304,1.0,3
GSM8K,FrugalGPT,0.0,0.0,0.0,0.00038649677786200355,8.724349531527421e-07,11.250607366479947,1.9928776172501081,1.0,3
GSM8K,MV-3,0.0,0.0,0.0,0.004198024063684589,2.9108859164651902e-05,27.306947645286673,1.274240002548113,1.0,3
GSM8K,Oracle,0.0,0.0,0.0,0.0038107460197118765,2.483502937321471e-06,5.41271832455039,0.07021310093322343,1.0,3
GSM8K,Random,0.0,0.0,0.0,0.0013552762926459228,4.968353317773536e-05,7.594647047463649,1.1116264919802805,1.0,3
GSM8K,SA,0.0,0.0,0.0,0.0002033823730098048,1.7720892746687068e-05,5.274138406035814,1.0837555220757331,1.0,3
GSM8K,SC-10,0.0,0.0,0.0,0.0018925009476875917,0.00011018901373322968,43.31713478427238,0.4806178460450288,1.0,3
GSM8K,SC-3,0.0,0.0,0.0,0.0005674793404093507,3.406238502915622e-05,14.530442797598406,1.003997172888844,1.0,3
GSM8K,SC-5,0.0,0.0,0.0,0.0009455131918119276,5.659115398598187e-05,23.210356501156795,1.3573484523707307,1.0,3
GSM8K,TrustRoute,0.0,0.0,0.0,0.0018532582562547234,0.0012957902371064692,13.226922159397395,3.517211511308335,1.0,3
GSM8K,TrustRoute-NoCost,0.0,0.0,0.0,0.0022966494692949063,3.6643693477462702e-06,11.873843119365565,1.901237966115881,1.0,3
GSM8K,TrustRoute-NoCostAware,0.0,0.0,0.0,0.0023055311978771656,7.83548884873548e-06,12.045028701104508,1.3332409381636803,1.0,3
GSM8K,TrustRoute-NoParallel,0.0,0.0,0.0,0.0025957515921152044,0.0020898281691446095,5.805366551541667,0.15335187597820804,1.0,3
GSM8K,TrustRoute-NoRep,0.0,0.0,0.0,0.0019928086504927833,0.0014048456412597572,12.8974918633481,5.524864632385433,1.0,3
HellaSwag,Cascade,0.949,0.006557438524302036,0.949,0.0065577769599999,5.6386365856791075e-05,89.36094232789675,2.6177679779699328,1.0,3
HellaSwag,FrugalGPT,0.7656666666666667,0.005686240703077386,0.7656666666666667,0.0005392932999999,1.9669902770476216e-06,9.083962442874908,0.019802123003700503,1.0,3
HellaSwag,MV-3,0.8576666666666667,0.008962886439832517,0.8576666666666667,0.0032732216199999,6.680116305422222e-05,41.23941172965368,2.622129359183621,1.0,3
HellaSwag,Oracle,0.963,0.0010000000000000009,0.963,0.0009298259999998998,0.0,3.500582901159922,0.03615843235062101,1.0,3
HellaSwag,Random,0.8073333333333333,0.009237604307033988,0.8073333333333333,0.07418155015429358,0.01319477898030641,9.129266440391541,0.4171884454579533,1.0,3
HellaSwag,SA,0.709,0.007000000000000006,0.709,3.9517e-05,3.0199337741081904e-09,1.1055936737060545,0.004764540959525764,1.0,3
HellaSwag,SC-10,0.7116666666666666,0.012055427546683414,0.7116666666666666,0.0003951373999999,2.5316397848047217e-08,11.095979657570519,0.051952562088388034,1.0,3
HellaSwag,SC-3,0.7053333333333333,0.003055050463303899,0.7053333333333333,0.00011855319999990001,1.6910351859143632e-08,3.307682325919469,0.01574275172232372,1.0,3
HellaSwag,SC-5,0.7013333333333334,0.008082903768654755,0.7013333333333334,0.0001975753999999,1.1003635762784355e-08,5.493834940195083,0.01388573437310656,1.0,3
HellaSwag,TrustRoute,0.7166666666666667,0.0037859388972002373,0.7166666666666667,6.372261666666668e-05,1.6782685114600505e-05,1.1893991837501525,0.07343726001753147,1.0,3
HellaSwag,TrustRoute-NoCost,0.7133333333333333,0.0025166114784236004,0.7133333333333333,6.905101666666661e-05,5.9898650486329465e-06,1.1942930459976195,0.012820281888963645,1.0,3
HellaSwag,TrustRoute-NoCostAware,0.7116666666666666,0.005859465277082321,0.7116666666666666,6.512024999999991e-05,1.0175151152808499e-05,1.1835875123341877,0.02212063563388754,1.0,3
HellaSwag,TrustRoute-NoParallel,0.7200000000000001,0.002645751311064593,0.7200000000000001,3.9689383333333337e-05,3.148722611366892e-07,1.117722568035126,0.0033323473910861863,1.0,3
HellaSwag,TrustRoute-NoRep,0.7183333333333333,0.0032145502536643153,0.7183333333333333,4.17654e-05,5.304858810562237e-07,1.1093755757013957,0.00839054931447679,1.0,3
HumanEval,Cascade,0.9613823333333333,0.0035206819415183658,0.9613823333333333,0.0009369873983739334,9.04378906141869e-06,19.569558666666666,0.37663191373054566,1.0,3
HumanEval,FrugalGPT,0.9308943333333333,0.015345303396587974,0.9308943333333333,0.0020503678048779668,3.9426218187387515e-05,24.276190666666665,0.7727573800257964,1.0,3
HumanEval,MV-3,0.9593496666666667,0.01269303849885177,0.9593496666666667,0.011033539044715367,0.0006622833260175336,30.210770333333333,0.8083228899297188,1.0,3
HumanEval,Oracle,0.9776423333333334,0.009314303319805109,0.9776423333333334,0.0091295792682926,1.0757875869286968e-05,8.800669999999998,0.06003368124644778,1.0,3
HumanEval,Random,0.9512196666666667,0.006097500006833379,0.9512196666666667,0.003994808699186934,0.0003278389783751918,11.500731333333334,0.5348944008328493,1.0,3
HumanEval,SA,0.8597563333333333,0.010561468474285858,0.8597563333333333,0.0002661951219511333,9.011221440178887e-07,6.355146666666666,0.15718573319908338,1.0,3
HumanEval,SC-10,0.8638210000000001,0.007040786532767525,0.8638210000000001,0.0026684451219511334,1.0995063247835257e-05,46.57122366666667,1.997513786299694,1.0,3
HumanEval,SC-3,0.8638210000000001,0.021414001004016067,0.8638210000000001,0.0007993920731706334,2.76103917016205e-06,20.183407,0.8627382333008081,1.0,3
HumanEval,SC-5,0.8699186666666666,0.012692878370698003,0.8699186666666666,0.0013322871951218665,7.655864358283113e-06,40.81445433333334,9.97859649840469,1.0,3
HumanEval,TrustRoute,0.9796746666666666,0.0035201045912491512,0.9796746666666666,0.0021527114837398002,0.00014656584485258747,8.009658666666667,0.1047191075512645,1.0,3
HumanEval,TrustRoute-NoCost,0.8638210000000001,0.01862817019999544,0.8638210000000001,0.0002674189024389334,1.7359785011095496e-06,5.47813,0.13651745983206684,1.0,3
HumanEval,TrustRoute-NoCostAware,0.859756,0.012194999999999984,0.859756,0.0005825523373983,0.00012464213611059724,2.3251063333333333,0.16978844441637747,1.0,3
HumanEval,TrustRoute-NoParallel,0.851626,0.009314412434501722,0.851626,8.241646341462031e-05,8.847029366633764e-07,1.380383,0.01814611917187804,1.0,3
HumanEval,TrustRoute-NoRep,0.8821136666666667,0.02881594291938632,0.8821136666666667,0.0007928486788617334,0.0003060738569428456,3.222497666666667,1.513742975574563,1.0,3
MBPP,Cascade,0.9285713333333333,0.007936500005250018,0.9285713333333333,0.0007369577160493,4.4300706534120475e-05,23.804394333333335,12.70197501528425,1.0,3
MBPP,FrugalGPT,0.9312166666666667,0.012122985784588456,0.9312166666666667,0.0007576995590828,8.087068154602236e-06,13.913631,0.29716425742844693,1.0,3
MBPP,MV-3,0.908289,0.019855697519855577,0.908289,0.008728039382716,0.00047025693226274287,28.512465333333335,16.347516726593074,1.0,3
MBPP,Oracle,0.9356256666666667,0.0030547602742823764,0.9356256666666667,0.007339092592592533,4.220644944481174e-05,6.791248,0.2670287400955183,1.0,3
MBPP,Random,0.897707,0.006657960573629057,0.897707,0.0028656378571427998,0.00014946243105726784,12.474753666666667,2.3811813543670577,1.0,3
MBPP,SA,0.8668426666666665,0.013315391332339176,0.8668426666666665,0.00015190515873003335,8.905370208117129e-07,4.0114426666666665,0.06702598700752821,1.0,3
MBPP,SC-10,0.871252,0.005507127472648523,0.871252,0.0014863461640210664,2.4477396213255075e-06,33.932042,3.2444246042938034,1.0,3
MBPP,SC-3,0.8730156666666667,0.007936500005249935,0.8730156666666667,0.000446608068783,2.4451314915980854e-07,12.737609333333333,0.5362573099420961,1.0,3
MBPP,SC-5,0.8703703333333334,0.011531352450312737,0.8703703333333334,0.0007434892857142,1.0836899814101842e-06,20.630871666666668,0.10223462980973216,1.0,3
MBPP,TrustRoute,0.908289,0.005507127472648501,0.908289,0.0017439389329805333,0.00017556218209729792,3.912862333333333,0.30800888758659745,1.0,3
MBPP,TrustRoute-NoCost,0.8703703333333334,0.007936500005249949,0.8703703333333334,0.0001489263227512,9.670436532877893e-07,3.034905333333333,0.274553650965223,1.0,3
MBPP,TrustRoute-NoCostAware,0.9320986666666666,0.0040412862226441686,0.9320986666666666,0.0013571565255731334,0.0001694453942838584,3.7229343333333333,0.33250069616819355,1.0,3
MBPP,TrustRoute-NoParallel,0.9065253333333333,0.015500930950537525,0.9065253333333333,0.0026296126102292004,0.0006301686907978489,5.012671999999999,0.9321252599345222,1.0,3
MBPP,TrustRoute-NoRep,0.9347439999999999,0.0015276688122757712,0.9347439999999999,0.0014971204585537334,0.00012499402189843181,3.8242549999999995,0.11302848365345776,1.0,3
MMLU,Cascade,0.717,0.03893584466786354,0.717,0.0055640304999999,4.332500123031524e-05,95.7637883948485,10.628315501488796,1.0,3
MMLU,FrugalGPT,0.8450000000000001,0.006244997998398403,0.8450000000000001,0.00027561928333323335,1.2233996008391094e-06,9.03619357252121,0.058400330678231166,1.0,3
MMLU,MV-3,0.8513333333333333,0.018009256878986815,0.8513333333333333,0.0029493396399999003,5.736707507948547e-05,47.87343437083562,3.408103311055577,1.0,3
MMLU,Oracle,0.9373333333333335,0.0005773502691895622,0.9373333333333335,0.0014169279999999,5.351959921374638e-06,2.824054353793462,0.03700044274038463,1.0,3
MMLU,Random,0.8306666666666667,0.01619670748434174,0.8306666666666667,0.0008146813133332333,0.00013244287074836166,9.619956112384797,0.5536025987097164,1.0,3
MMLU,SA,0.7319999999999999,0.0036055512754639848,0.7319999999999999,3.037309999999966e-05,2.8253332546784326e-07,1.1408890219529468,0.015733981762475886,1.0,3
MMLU,SC-10,0.7296666666666667,0.0050332229568471835,0.7296666666666667,0.0003049775999999,7.33155563301549e-07,11.555713630040486,0.07561530912685532,1.0,3
MMLU,SC-3,0.7356666666666666,0.005033222956847156,0.7356666666666666,9.141819999999364e-05,5.886089703699524e-07,3.481943363348643,0.016634196494899677,1.0,3
MMLU,SC-5,0.7303333333333333,0.002309401076758497,0.7303333333333333,0.0001523549999999,4.92332448656406e-07,5.770633045593897,0.07276412360135712,1.0,3
MMLU,TrustRoute,0.7896666666666666,0.07852600418545015,0.7896666666666666,0.0017551502033332333,0.0002582318327565341,4.48590930167834,0.6222866215913623,1.0,3
MMLU,TrustRoute-NoCost,0.7343333333333333,0.002081665999466139,0.7343333333333333,0.0016493755999999332,0.0013845785041763866,4.759029577732086,3.101438463660744,1.0,3
MMLU,TrustRoute-NoCostAware,0.7319999999999999,0.0026457513110646137,0.7319999999999999,0.001646127949999933,0.0013412331392102358,4.886356440226237,3.1020331098179907,1.0,3
MMLU,TrustRoute-NoParallel,0.7933333333333333,0.0601775151807827,0.7933333333333333,0.0008999964166665999,0.0008275486857014421,2.9981967186927796,1.5904024804360404,1.0,3
MMLU,TrustRoute-NoRep,0.7576666666666666,0.06633500835406093,0.7576666666666666,0.0024604767199999,0.0008624750389531115,31.508567471822104,45.29828964308701,1.0,3
Winogrande,Cascade,0.9097605893186004,0.0032859763211777935,0.9097605893186004,0.003908543120231434,7.033547913448256e-05,91.2652064473715,0.11088648224303779,1.0,3
Winogrande,FrugalGPT,0.8734543541173375,0.0018227317101487995,0.8734543541173375,0.00028727555906333336,1.7643996615071006e-06,5.769176706644273,0.16248020750398717,1.0,3
Winogrande,MV-3,0.8921336490397264,0.0035589974371135922,0.8921336490397264,0.0018828141646934666,5.8032376804787976e-05,54.84031611183887,5.990596059564441,1.0,3
Winogrande,Oracle,0.9118652986056301,0.0009113658550744399,0.9118652986056301,0.00048091160220989994,4.1470275977173577e-07,2.591731901515067,0.039799383991949294,1.0,3
Winogrande,Random,0.865561694290976,0.011554954620361895,0.865561694290976,0.0005637168403051333,2.246632439639951e-05,11.45950685360343,0.37226965730199374,1.0,3
Winogrande,SA,0.7129702709813207,0.005135285792145026,0.7129702709813207,1.580836621941594e-05,4.735595895815888e-09,1.0608202739315138,0.00351904236609307,1.0,3
Winogrande,SC-10,0.7056037884767167,0.0031570639305445736,0.7056037884767167,0.0001580582478294,2.09511097413979e-08,10.820271390640434,0.0072529330237216935,1.0,3
Winogrande,SC-3,0.7069192317811103,0.0035589974371135922,0.7069192317811103,4.742273086029992e-05,1.3757700754221946e-08,3.2265349880891923,0.02152023905539877,1.0,3
Winogrande,SC-5,0.7045514338332017,0.0025371351646916703,0.7045514338332017,7.901531176006313e-05,1.5526689481379423e-08,5.409509161339719,0.021725262813192463,1.0,3
Winogrande,TrustRoute,0.8260983951591686,0.0982194926769833,0.8260983951591686,0.0007212949644829772,0.0006059663479739954,3.1008211891452313,1.9486758369736095,1.0,3
Winogrande,TrustRoute-NoCost,0.7134964483030782,0.002088201508338293,0.7134964483030782,0.0010275756511443832,0.0008742840880563261,4.007877808563084,2.538860549846943,1.0,3
Winogrande,TrustRoute-NoCostAware,0.7121810049986846,0.0032859763211777935,0.7121810049986846,0.000841138174164654,0.000738361447765954,3.375150342390306,2.0533911693355993,1.0,3
Winogrande,TrustRoute-NoParallel,0.8358326756116812,0.10663272604810212,0.8358326756116812,0.0006765001315442837,0.0005742695949550357,2.308296476530734,1.0842964737746978,1.0,3
Winogrande,TrustRoute-NoRep,0.7753222836095764,0.10439913664552326,0.7753222836095764,0.0014315724677715668,0.0003072182873465744,4.740473176328423,1.449067678257907,1.0,3
